2026-06-02T17:18:22.781348|d|login|web:modal
2026-06-02T17:18:28.400597|d|question|orari linea 10
2026-06-02T17:26:52.337844|d|login|web:modal
2026-06-02T17:26:57.512935|d|question|orari linea 10
2026-06-02T17:41:31.016779|d|login|web:modal
2026-06-02T17:41:38.726413|d|question|orari linea 10
2026-06-02T18:00:46.067205|d|s_ercx2qdm_mpws86n2|login|web:modal
2026-06-02T18:00:52.549453|d|s_ercx2qdm_mpws86n2|question|orari linea 10
2026-06-02T18:01:28.860454|d|s_ercx2qdm_mpws86n2|question|come posso arrivare a gemona del friuli partendo da udine?
2026-06-02T18:11:42.185596|d|s_ercx2qdm_mpws86n2|login|web:modal
2026-06-02T18:11:46.745099|d|s_ercx2qdm_mpws86n2|question|orari linea 10
2026-06-02T18:12:04.097867|d|s_ercx2qdm_mpws86n2|question|come posso arrivare a gemona del friuli partendo da udine?
2026-06-02T18:49:41.902481|d|s_ercx2qdm_mpws86n2|login|web:modal
2026-06-02T18:49:47.918335|d|s_ercx2qdm_mpws86n2|question|orari linea 5
2026-06-02T18:50:23.148960|d|s_ercx2qdm_mpws86n2|question|come posso arrivare a gemona del friuli partendo da udine?
2026-06-02T19:03:37.031653|d|s_ercx2qdm_mpws86n2|login|web:modal
2026-06-02T19:03:43.284261|d|s_ercx2qdm_mpws86n2|question|come posso arrivare a gemona del friuli partendo da udine?
2026-06-02T21:53:39.018740|gabriele|s_ercx2qdm_mpws86n2|login|web:modal
2026-06-02T21:53:56.128617|gabriele|s_ercx2qdm_mpws86n2|question|come posso arrivare a gemona del friuli partendo da cividale?
2026-06-02T21:54:12.158150|gabriele|s_ercx2qdm_mpws86n2|question|come posso arrivare a gemona del friuli partendo da udine?
2026-06-02T22:04:27.940334|gabriele|s_ercx2qdm_mpws86n2|login|web:modal
2026-06-02T22:04:33.509874|gabriele|s_ercx2qdm_mpws86n2|question|come posso arrivare a gemona del friuli partendo da cividale?
2026-06-02T22:04:41.805168|gabriele|s_ercx2qdm_mpws86n2|question|come posso arrivare a gemona del friuli partendo da udine?
2026-06-02T22:17:48.727516|gabriele|s_ercx2qdm_mpws86n2|login|web:modal
2026-06-02T22:18:09.122956|gabriele|s_ercx2qdm_mpws86n2|question|come posso arrivare a gemona del friuli partendo da cividale?
2026-06-02T22:18:22.295634|gabriele|s_ercx2qdm_mpws86n2|question|come posso arrivare a gemona del friuli partendo da udine?
